Model,MAE,RMSE,R2,MAE_KES,RMSE_KES
Linear Regression,280766181.3587413,525175932.0975743,0.24010314314243375,"280,766,181","525,175,932"
Random Forest,240682497.93087152,480274203.8473879,0.364488315603663,"240,682,498","480,274,204"
XGBoost,241495805.29268292,497546374.7968324,0.317956379935575,"241,495,805","497,546,375"
